,area,num_shops,avg_rating,avg_reviews,competition_score,community_id
0,LOOP,50,4.1339999999999995,197.34,18.892599999999998,32
1,LAKE_VIEW,35,4.277142857142857,125.22857142857143,11.97057142857143,6
2,NEAR_NORTH,50,4.21,148.46,19.3054,8
3,LINCOLN_PARK,50,4.28,144.36,19.2764,7
4,NEAR_WEST_SIDE,50,4.232,129.84,19.4696,28
5,WEST_TOWN,50,4.3,141.42,19.2858,24
